	{

		"metadata": {
			"formatVersion" : 3.1,
			"generatedBy"   : "Blender 2.7 Exporter",
			"vertices"      : 56,
			"faces"         : 42,
			"normals"       : 40,
			"colors"        : 0,
			"uvs"           : [],
			"materials"     : 2,
			"morphTargets"  : 0,
			"bones"         : 0
		},

			"scale" : 1.000000,
			
			"vertices" : [-0.6,-1,0.6,-0.6,-0.6,1,-1,-0.6,0.6,-1,-0.6,-0.6,-0.6,-0.6,-1,-0.6,-1,-0.6,0.6,-0.6,-1,1,-0.6,-0.6,0.6,-1,-0.6,1,-0.6,0.6,0.6,-0.6,1,0.6,-1,0.6,-1,0.6,0.6,-0.6,0.6,1,-0.6,1,0.6,-1,0.6,-0.6,-0.6,1,-0.6,-0.6,0.6,-1,0.6,0.6,-1,0.6,1,-0.6,1,0.6,-0.6,1,0.6,0.6,0.6,1,0.6,0.6,0.6,1,-0.3036,-1.012,0.6072,-0.3036,-0.6072,1.012,-0.3036,-0.6072,-1.012,-0.3036,-1.012,-0.6072,0.3036,-0.6072,-1.012,0.3036,-1.012,-0.6072,0.3036,-0.6072,1.012,0.3036,-1.012,0.6072,-0.3036,0.6072,1.012,-0.3036,1.012,0.6072,-0.3036,1.012,-0.6072,-0.3036,0.6072,-1.012,0.3036,0.6072,-1.012,0.3036,1.012,-0.6072,0.3036,1.012,0.6072,0.3036,0.6072,1.012,0.613272,-1.02212,0.306636,1.02212,-0.613272,0.306636,-1.02212,-0.613272,0.306636,-0.613272,-1.02212,0.306636,-1.02212,-0.613272,-0.306636,-0.613272,-1.02212,-0.306636,1.02212,-0.613272,-0.306636,0.613272,-1.02212,-0.306636,1.02212,0.613272,0.306636,0.613272,1.02212,0.306636,-0.613272,1.02212,0.306636,-1.02212,0.613272,0.306636,-1.02212,0.613272,-0.306636,-0.613272,1.02212,-0.306636,0.613272,1.02212,-0.306636,1.02212,0.613272,-0.306636],
			"faces"    : [35,0,5,8,11,1,0,1,2,3,35,20,21,9,7,1,4,5,6,7,35,22,19,16,14,1,8,9,10,11,35,17,18,6,4,1,12,13,14,15,35,23,13,1,10,1,16,17,18,19,34,0,1,2,1,0,18,20,34,3,4,5,1,21,15,1,34,6,7,8,1,14,7,2,34,9,10,11,1,6,19,3,34,12,13,14,1,22,17,11,34,15,16,17,1,23,10,12,34,18,19,20,1,13,9,4,34,21,22,23,1,5,8,16,35,1,13,12,2,1,18,17,22,20,35,14,16,15,12,1,11,10,23,22,35,17,4,3,15,1,12,15,21,23,35,5,0,2,3,1,1,0,20,21,35,16,19,18,17,1,10,9,13,12,35,20,7,6,18,1,4,7,14,13,35,8,5,4,6,1,2,1,15,14,35,19,22,21,20,1,9,8,5,4,35,23,10,9,21,1,16,19,6,5,35,11,8,7,9,1,3,2,7,6,35,22,14,13,23,1,8,11,17,16,35,0,11,10,1,1,0,3,19,18,35,12,15,3,2,1,22,23,21,20,35,24,27,29,31,0,24,25,25,24,35,38,37,34,33,0,26,27,27,26,35,35,36,28,26,0,28,28,29,29,35,39,32,25,30,0,30,30,31,31,35,34,37,36,35,0,27,27,28,28,35,29,27,26,28,0,25,25,29,29,35,38,33,32,39,0,26,26,30,30,35,24,31,30,25,0,24,24,31,31,35,40,43,45,47,0,32,33,33,32,35,54,53,50,49,0,34,35,35,34,35,51,52,44,42,0,36,36,37,37,35,55,48,41,46,0,38,38,39,39,35,50,53,52,51,0,35,35,36,36,35,45,43,42,44,0,33,33,37,37,35,54,49,48,55,0,34,34,38,38,35,40,47,46,41,0,32,32,39,39],
			"uvs"      : [],
			"normals"  : [-0.341563,-0.875576,0.341563,-0.341563,-0.875576,-0.341563,0.341563,-0.875576,-0.341563,0.341563,-0.875576,0.341563,0.875576,0.341563,-0.341563,0.875576,0.341563,0.341563,0.875576,-0.341563,0.341563,0.875576,-0.341563,-0.341563,0.341563,0.875576,0.341563,0.341563,0.875576,-0.341563,-0.341563,0.875576,-0.341563,-0.341563,0.875576,0.341563,-0.341563,0.341563,-0.875576,0.341563,0.341563,-0.875576,0.341563,-0.341563,-0.875576,-0.341563,-0.341563,-0.875576,0.341563,0.341563,0.875576,-0.341563,0.341563,0.875576,-0.341563,-0.341563,0.875576,0.341563,-0.341563,0.875576,-0.875576,-0.341563,0.341563,-0.875576,-0.341563,-0.341563,-0.875576,0.341563,0.341563,-0.875576,0.341563,-0.341563,0,-0.923856,0.382672,0,-0.923856,-0.382672,0,0.923856,0.382672,0,0.923856,-0.382672,0,0.382672,-0.923856,0,-0.382672,-0.923856,0,0.382672,0.923856,0,-0.382672,0.923856,0.382672,-0.923856,0,-0.382672,-0.923856,0,0.382672,0.923856,0,-0.382672,0.923856,0,-0.923856,0.382672,0,-0.923856,-0.382672,0,0.923856,0.382672,0,0.923856,-0.382672,0],
			
			"skinIndices"  : [],
			"skinWeights"  : [],
			"morphTargets" : [],
			
			"bones"      : [],
			"animations" : [],
			
			"colors"    : [],
			"materials" : [
				{
					"DbgColor": 15658734,
					"DbgIndex": 0,
					"DbgName": "Material.001",
					"blending": "NormalBlending",
					"colorAmbient": [0.640000066757203, 0.0, 0.0017142940568073695],
					"colorDiffuse": [0.640000066757203, 0.0, 0.0017142940568073695],
					"colorEmissive": [0.0, 0.0, 0.0],
					"colorSpecular": [0.5, 0.5, 0.5],
					"depthTest": true,
					"depthWrite": true,
					"shading": "Lambert",
					"specularCoef": 50,
					"transparency": 1.0,
					"transparent": false,
					"vertexColors": false
				},
				{
					"DbgColor": 15597568,
					"DbgIndex": 1,
					"DbgName": "Material.002",
					"blending": "NormalBlending",
					"colorAmbient": [0.17868049410999554, 0.3125276373703425, 0.640000066757203],
					"colorDiffuse": [0.17868049410999554, 0.3125276373703425, 0.640000066757203],
					"colorEmissive": [0.0, 0.0, 0.0],
					"colorSpecular": [0.5, 0.5, 0.5],
					"depthTest": true,
					"depthWrite": true,
					"shading": "Lambert",
					"specularCoef": 50,
					"transparency": 1.0,
					"transparent": false,
					"vertexColors": false
				}
			]


	}
