	{

		"metadata": {
			"formatVersion" : 3.1,
			"generatedBy"   : "Blender 2.7 Exporter",
			"vertices"      : 74,
			"faces"         : 144,
			"normals"       : 74,
			"colors"        : 0,
			"uvs"           : [1],
			"materials"     : 1,
			"morphTargets"  : 0,
			"bones"         : 0
		},

			"scale" : 1.000000,
			
			"vertices" : [0.66879,-0.0270655,-1.55091,1.20993,-0.11008,0.185493,-1.21718,-0.00829508,0.152058,-2.24885,0.782411,0.16528,-1.59982,1.91031,-0.587141,-1.20985,1.87893,0.706816,0.699552,1.84848,-0.844845,1.36523,1.15448,-1.29309,-0.972187,1.30413,-1.7254,-1.21897,0.699521,-1.08106,-0.650407,0.739411,1.71266,0.133462,1.19783,1.80248,-0.405035,0.0108877,0.914823,-1.5617,1.1678,1.25361,-0.0608413,1.87325,1.10932,1.19848,0.677592,1.15393,-0.381712,-0.0873323,-0.938811,-1.76392,1.10861,-0.405448,-0.869288,1.96349,-1.0281,0.232092,0.830907,-1.65117,-0.296353,0.422748,-1.38772,0.0792438,-0.0446991,-1.22027,0.360282,0.417853,-1.53067,0.677382,0.292076,0.873178,1.46485,0.228233,0.679185,0.400133,-0.0473403,0.510396,-0.0525968,-0.0874262,-0.52553,-0.403886,-0.124426,-0.551039,-1.06127,0.0594792,0.414315,-1.8236,1.18974,0.0294753,-2.1048,1.01784,0.696934,-1.57139,0.848478,-0.00604962,-1.38227,1.5495,-0.707091,-1.17497,1.92232,-0.763088,-1.59748,1.48888,-0.434634,-0.768668,1.51761,1.04457,-1.4151,1.52978,0.975288,-0.546058,1.86172,0.806826,-0.355332,1.92639,-0.661412,-0.302408,1.95542,-1.01414,0.709927,1.77461,0.214998,1.13532,0.718348,-1.43819,2.12128,0.734552,0.0209886,0.706893,1.01859,-1.61817,-0.483678,1.43157,-1.32782,-0.949902,1.6356,-1.27827,-0.467251,1.08821,-1.69134,-1.13627,0.51901,-0.55871,-0.905814,0.32889,-1.02112,-1.52414,0.908126,-0.679151,-1.05652,0.606012,1.05718,-1.09516,0.95176,1.47287,-0.557592,0.378382,1.38308,0.713893,1.2484,1.04964,0.539883,0.960803,1.55833,0.0120505,1.5382,1.51136,0.934716,-0.0485456,-1.11119,-1.615,0.357112,0.271112,-1.69772,1.9713,-0.272006,0.983939,1.51276,-1.09219,-1.17258,1.02233,-1.4982,-0.250925,0.965867,1.78357,0.518511,-0.082454,-0.861231,1.08263,0.32975,-1.38505,-0.895835,0.338794,-0.192539,-1.66857,0.555876,0.575128,-1.03265,1.94867,-0.433763,-1.75466,1.58138,-0.169091,0.138234,1.49639,-1.2228,1.54241,1.23935,-0.142445,-1.27171,1.28119,-1.02367,-0.834083,0.747219,-1.5244,-0.519723,1.24163,1.46358,0.0454376,0.659872,1.4312],
			"faces"    : [42,22,20,19,0,0,0,0,0,1,2,42,21,16,20,0,0,0,0,3,4,1,42,22,0,21,0,0,0,0,0,5,3,42,22,21,20,0,0,0,0,0,3,1,42,25,23,12,0,0,0,0,6,7,8,42,24,15,23,0,0,0,0,9,10,7,42,25,1,24,0,0,0,0,6,11,9,42,25,24,23,0,0,0,0,6,9,7,42,28,26,12,0,0,0,0,12,13,8,42,27,16,26,0,0,0,0,14,4,13,42,28,2,27,0,0,0,0,12,15,14,42,28,27,26,0,0,0,0,12,14,13,42,31,29,17,0,0,0,0,16,17,18,42,30,13,29,0,0,0,0,19,20,17,42,31,3,30,0,0,0,0,16,21,19,42,31,30,29,0,0,0,0,16,19,17,42,34,32,17,0,0,0,0,22,23,18,42,33,18,32,0,0,0,0,24,25,23,42,34,4,33,0,0,0,0,22,26,24,42,34,33,32,0,0,0,0,22,24,23,42,37,35,14,0,0,0,0,27,28,29,42,36,13,35,0,0,0,0,30,20,28,42,37,5,36,0,0,0,0,27,31,30,42,37,36,35,0,0,0,0,27,30,28,42,40,38,14,0,0,0,0,32,33,29,42,39,18,38,0,0,0,0,34,25,33,42,40,6,39,0,0,0,0,32,35,34,42,40,39,38,0,0,0,0,32,34,33,42,43,41,19,0,0,0,0,36,37,2,42,42,15,41,0,0,0,0,38,10,37,42,43,7,42,0,0,0,0,36,39,38,42,43,42,41,0,0,0,0,36,38,37,42,46,44,19,0,0,0,0,40,41,2,42,45,18,44,0,0,0,0,42,25,41,42,46,8,45,0,0,0,0,40,43,42,42,46,45,44,0,0,0,0,40,42,41,42,49,47,17,0,0,0,0,44,45,18,42,48,16,47,0,0,0,0,46,4,45,42,49,9,48,0,0,0,0,44,47,46,42,49,48,47,0,0,0,0,44,46,45,42,52,50,12,0,0,0,0,48,49,8,42,51,13,50,0,0,0,0,50,20,49,42,52,10,51,0,0,0,0,48,51,50,42,52,51,50,0,0,0,0,48,50,49,42,55,53,14,0,0,0,0,52,53,29,42,54,15,53,0,0,0,0,54,10,53,42,55,11,54,0,0,0,0,52,55,54,42,55,54,53,0,0,0,0,52,54,53,42,62,26,16,0,0,0,0,56,13,4,42,21,62,16,0,0,0,0,3,56,4,42,25,12,26,0,0,0,0,6,8,13,42,62,25,26,0,0,0,0,56,6,13,42,1,25,62,0,0,0,0,11,6,56,42,56,1,62,0,0,0,0,57,11,56,42,56,62,21,0,0,0,0,57,56,3,42,0,56,21,0,0,0,0,5,57,3,42,63,41,15,0,0,0,0,58,37,10,42,24,63,15,0,0,0,0,9,58,10,42,22,19,41,0,0,0,0,0,2,37,42,63,22,41,0,0,0,0,58,0,37,42,0,22,63,0,0,0,0,5,0,58,42,56,0,63,0,0,0,0,57,5,58,42,56,63,24,0,0,0,0,57,58,9,42,1,56,24,0,0,0,0,11,57,9,42,64,47,16,0,0,0,0,59,45,4,42,27,64,16,0,0,0,0,14,59,4,42,31,17,47,0,0,0,0,16,18,45,42,64,31,47,0,0,0,0,59,16,45,42,3,31,64,0,0,0,0,21,16,59,42,57,3,64,0,0,0,0,60,21,59,42,57,64,27,0,0,0,0,60,59,14,42,2,57,27,0,0,0,0,15,60,14,42,65,50,13,0,0,0,0,61,49,20,42,30,65,13,0,0,0,0,19,61,20,42,28,12,50,0,0,0,0,12,8,49,42,65,28,50,0,0,0,0,61,12,49,42,2,28,65,0,0,0,0,15,12,61,42,57,2,65,0,0,0,0,60,15,61,42,57,65,30,0,0,0,0,60,61,19,42,3,57,30,0,0,0,0,21,60,19,42,66,38,18,0,0,0,0,62,33,25,42,33,66,18,0,0,0,0,24,62,25,42,37,14,38,0,0,0,0,27,29,33,42,66,37,38,0,0,0,0,62,27,33,42,5,37,66,0,0,0,0,31,27,62,42,58,5,66,0,0,0,0,63,31,62,42,58,66,33,0,0,0,0,63,62,24,42,4,58,33,0,0,0,0,26,63,24,42,67,29,13,0,0,0,0,64,17,20,42,36,67,13,0,0,0,0,30,64,20,42,34,17,29,0,0,0,0,22,18,17,42,67,34,29,0,0,0,0,64,22,17,42,4,34,67,0,0,0,0,26,22,64,42,58,4,67,0,0,0,0,63,26,64,42,58,67,36,0,0,0,0,63,64,30,42,5,58,36,0,0,0,0,31,63,30,42,68,44,18,0,0,0,0,65,41,25,42,39,68,18,0,0,0,0,34,65,25,42,43,19,44,0,0,0,0,36,2,41,42,68,43,44,0,0,0,0,65,36,41,42,7,43,68,0,0,0,0,39,36,65,42,59,7,68,0,0,0,0,66,39,65,42,59,68,39,0,0,0,0,66,65,34,42,6,59,39,0,0,0,0,35,66,34,42,69,53,15,0,0,0,0,67,53,10,42,42,69,15,0,0,0,0,38,67,10,42,40,14,53,0,0,0,0,32,29,53,42,69,40,53,0,0,0,0,67,32,53,42,6,40,69,0,0,0,0,35,32,67,42,59,6,69,0,0,0,0,66,35,67,42,59,69,42,0,0,0,0,66,67,38,42,7,59,42,0,0,0,0,39,66,38,42,70,32,18,0,0,0,0,68,23,25,42,45,70,18,0,0,0,0,42,68,25,42,49,17,32,0,0,0,0,44,18,23,42,70,49,32,0,0,0,0,68,44,23,42,9,49,70,0,0,0,0,47,44,68,42,60,9,70,0,0,0,0,69,47,68,42,60,70,45,0,0,0,0,69,68,42,42,8,60,45,0,0,0,0,43,69,42,42,71,20,16,0,0,0,0,70,1,4,42,48,71,16,0,0,0,0,46,70,4,42,46,19,20,0,0,0,0,40,2,1,42,71,46,20,0,0,0,0,70,40,1,42,8,46,71,0,0,0,0,43,40,70,42,60,8,71,0,0,0,0,69,43,70,42,60,71,48,0,0,0,0,69,70,46,42,9,60,48,0,0,0,0,47,69,46,42,72,35,13,0,0,0,0,71,28,20,42,51,72,13,0,0,0,0,50,71,20,42,55,14,35,0,0,0,0,52,29,28,42,72,55,35,0,0,0,0,71,52,28,42,11,55,72,0,0,0,0,55,52,71,42,61,11,72,0,0,0,0,72,55,71,42,61,72,51,0,0,0,0,72,71,50,42,10,61,51,0,0,0,0,51,72,50,42,73,23,15,0,0,0,0,73,7,10,42,54,73,15,0,0,0,0,54,73,10,42,52,12,23,0,0,0,0,48,8,7,42,73,52,23,0,0,0,0,73,48,7,42,10,52,73,0,0,0,0,51,48,73,42,61,10,73,0,0,0,0,72,51,73,42,61,73,54,0,0,0,0,72,73,54,42,11,61,54,0,0,0,0,55,72,54],
			"uvs"      : [[0,1]],